date	platform	corpus_mib	artifact_every	log_mib	artifact_mib	sessions	query	cache	resident_bytes	median_ms	runs_ms	hits
2026-10-07	Darwin arm64	300	25	304	187	418	retry budget	warm		904.6	904.6,893.7,904.7,911.8,893.6	1096
2026-10-07	Darwin arm64	300	25	304	187	418	zqxv no such text	warm		642.4	644.2,639.6,643.5,641.3,642.4	0
2026-10-07	Darwin arm64	1300	25	1308	808	1795	retry budget	warm		5886.6	5853.4,5936.8,5935.9,5866.9,5886.6	4596
2026-10-07	Darwin arm64	1300	25	1308	808	1795	zqxv no such text	warm		4786.9	4783.7,4786.9,4953.6,4771.4,4999.5	0
2026-10-07	Darwin arm64	4000	25	4011	2476	5542	retry budget	warm		21229.1	21229.1,21285.6,21207.8,21176.1,21252.6	14389
2026-10-07	Darwin arm64	4000	25	4011	2476	5542	zqxv no such text	warm		20427.8	17808.0,17748.2,20427.8,27033.7,23351.7	0
2026-10-07	Darwin arm64	1300	0	1304	0	1753	retry budget	warm		2386.6	2395.8,2792.1,2285.0,2303.0,2386.6	1743
2026-10-07	Darwin arm64	1300	0	1304	0	1753	zqxv no such text	warm		2462.7	2395.1,2450.6,3668.8,3691.7,2462.7	0
2026-10-07	Linux x86_64	300	25	304	187	418	retry budget	warm		1492.9	1492.9,1493.0,1487.2,1490.4,1506.6	1096
2026-10-07	Linux x86_64	300	25	304	187	418	retry budget	cold	unconfirmed	3792.3	1489.7,3664.5,3820.3,3822.4,3792.3	1096
2026-10-07	Linux x86_64	300	25	304	187	418	zqxv no such text	warm		1092.4	1092.4,1088.1,1094.2,1094.8,1090.0	0
2026-10-07	Linux x86_64	300	25	304	187	418	zqxv no such text	cold	unconfirmed	3302.1	3327.5,3431.3,3268.3,3257.6,3302.1	0
2026-10-07	Linux x86_64	1300	25	1308	808	1795	retry budget	warm		6427.1	6408.7,6432.9,6389.5,6461.0,6427.1	4596
2026-10-07	Linux x86_64	1300	25	1308	808	1795	retry budget	cold	unconfirmed	16170.3	16170.3,16208.0,15263.1,16205.7,15270.3	4596
2026-10-07	Linux x86_64	1300	25	1308	808	1795	zqxv no such text	warm		4655.4	4661.5,4660.0,4640.6,4655.4,4640.9	0
2026-10-07	Linux x86_64	1300	25	1308	808	1795	zqxv no such text	cold	unconfirmed	14044.5	13693.8,13649.0,14044.5,14362.3,14071.4	0
2026-10-07	Linux x86_64	4000	25	4011	2476	5542	retry budget	warm		19843.9	19911.4,19834.3,19843.9,19832.3,19911.4	14389
2026-10-07	Linux x86_64	4000	25	4011	2476	5542	retry budget	cold	unconfirmed	49227.2	48680.8,49227.2,49277.2,49662.1,49101.9	14389
2026-10-07	Linux x86_64	4000	25	4011	2476	5542	zqxv no such text	warm		14448.3	14448.3,14408.8,14461.9,15230.2,14366.7	0
2026-10-07	Linux x86_64	4000	25	4011	2476	5542	zqxv no such text	cold	unconfirmed	44022.4	45342.3,44724.9,42795.1,43108.1,44022.4	0
2026-10-07	Linux x86_64	1300	0	1304	0	1753	retry budget	warm		3934.1	3909.5,4001.6,3934.1,3941.1,3914.1	1743
2026-10-07	Linux x86_64	1300	0	1304	0	1753	retry budget	cold	unconfirmed	6710.4	6567.3,6651.1,6759.3,6842.3,6710.4	1743
2026-10-07	Linux x86_64	1300	0	1304	0	1753	zqxv no such text	warm		4271.1	4264.3,4280.3,4362.1,4271.1,4265.4	0
2026-10-07	Linux x86_64	1300	0	1304	0	1753	zqxv no such text	cold	unconfirmed	6946.9	6927.8,6946.9,6755.7,7011.1,7059.9	0
2026-10-07	Darwin arm64	300	25	304	187	418	retry budget	warm		1040.9	1040.9,1008.8,983.8,1201.6,1184.3	1096
2026-10-07	Darwin arm64	300	25	304	187	418	zqxv no such text	warm		697.0	688.6,702.8,697.0,701.7,694.9	0
2026-10-07	Darwin arm64	1300	25	1308	808	1795	retry budget	warm		4415.6	8902.7,9333.6,4415.6,4121.2,4028.0	4596
2026-10-07	Darwin arm64	1300	25	1308	808	1795	zqxv no such text	warm		2878.7	2828.3,2918.9,2878.7,2837.4,2984.9	0
2026-10-07	Darwin arm64	4000	25	4011	2476	5542	retry budget	warm		22152.6	21648.6,21498.3,22152.6,26039.1,30138.1	14389
2026-10-07	Darwin arm64	4000	25	4011	2476	5542	zqxv no such text	warm		25687.6	21167.5,25687.6,34526.0,21855.2,33704.5	0
2026-10-07	Darwin arm64	1300	0	1304	0	1753	retry budget	warm		2197.5	2322.5,2253.1,2169.4,2197.5,2169.1	1743
2026-10-07	Darwin arm64	1300	0	1304	0	1753	zqxv no such text	warm		2397.9	4948.1,2397.9,2373.4,2395.8,2428.7	0
2026-10-07	Darwin arm64	300	25	304	187	418	retry budget	warm		153.0	157.4,153.0,160.5,146.6,149.1	1096
2026-10-07	Darwin arm64	300	25	304	187	418	zqxv no such text	warm		112.2	108.7,112.2,114.9,115.4,112.0	0
2026-10-07	Darwin arm64	1300	25	1308	808	1795	retry budget	warm		1093.4	1080.4,1066.6,1093.4,1783.9,1248.3	4596
2026-10-07	Darwin arm64	1300	25	1308	808	1795	zqxv no such text	warm		1002.6	1002.6,985.9,1003.3,969.4,1023.7	0
2026-10-07	Darwin arm64	4000	25	4011	2476	5542	retry budget	warm		3083.1	3469.9,3335.8,3083.1,3024.9,2940.2	14389
2026-10-07	Darwin arm64	4000	25	4011	2476	5542	zqxv no such text	warm		2648.4	2673.5,2655.1,2648.4,2571.0,2584.4	0
2026-10-07	Darwin arm64	1300	0	1304	0	1753	retry budget	warm		351.1	347.5,381.4,346.5,351.1,354.9	1743
2026-10-07	Darwin arm64	1300	0	1304	0	1753	zqxv no such text	warm		384.9	402.3,384.9,428.8,383.3,383.0	0
2026-10-08	Linux x86_64	300	25	304	187	418	retry budget	warm		582.8	596.1,582.8,586.5,582.6,582.4	1096	8626176
2026-10-08	Linux x86_64	300	25	304	187	418	retry budget	cold	unconfirmed	1199.8	582.1,1189.6,1199.8,1479.0,1510.4	1096	8585216
2026-10-08	Linux x86_64	300	25	304	187	418	zqxv no such text	warm		430.8	430.8,430.0,429.8,431.9,436.1	0	7172096
2026-10-08	Linux x86_64	300	25	304	187	418	zqxv no such text	cold	unconfirmed	1105.0	1345.4,1079.0,1135.8,1105.0,1070.5	0	7155712
2026-10-08	Linux x86_64	1300	25	1308	808	1795	retry budget	warm		2441.3	2441.3,2437.5,2449.7,2446.1,2435.6	4596	9547776
2026-10-08	Linux x86_64	1300	25	1308	808	1795	retry budget	cold	unconfirmed	5160.4	4304.1,5160.4,5166.6,5156.9,5175.7	4596	9330688
2026-10-08	Linux x86_64	1300	25	1308	808	1795	zqxv no such text	warm		1828.3	1827.7,1833.9,1828.3,1828.3,1829.5	0	7905280
2026-10-08	Linux x86_64	1300	25	1308	808	1795	zqxv no such text	cold	unconfirmed	5152.7	5144.4,5152.7,5162.6,5164.2,5150.8	0	7729152
2026-10-08	Linux x86_64	4000	25	4011	2476	5542	retry budget	warm		7496.1	7482.4,7485.1,7523.5,7623.9,7496.1	14389	11010048
2026-10-08	Linux x86_64	4000	25	4011	2476	5542	retry budget	cold	unconfirmed	16234.2	16228.9,16244.4,16247.0,16234.2,16232.6	14389	11022336
2026-10-08	Linux x86_64	4000	25	4011	2476	5542	zqxv no such text	warm		5618.4	5619.1,5618.2,5618.4,5617.0,5628.3	0	9183232
2026-10-08	Linux x86_64	4000	25	4011	2476	5542	zqxv no such text	cold	unconfirmed	16236.4	16236.4,16238.1,16260.3,16232.3,16233.4	0	9183232
2026-10-08	Linux x86_64	1300	0	1304	0	1753	retry budget	warm		1544.0	1637.5,1543.7,1544.0,1542.4,1547.0	1743	7938048
2026-10-08	Linux x86_64	1300	0	1304	0	1753	retry budget	cold	unconfirmed	3050.4	1551.7,3054.1,3060.8,3050.4,3044.9	1743	7950336
2026-10-08	Linux x86_64	1300	0	1304	0	1753	zqxv no such text	warm		1684.3	1683.3,1685.5,1685.5,1683.3,1684.3	0	7892992
2026-10-08	Linux x86_64	1300	0	1304	0	1753	zqxv no such text	cold	unconfirmed	3056.8	3093.6,3056.8,3051.7,3063.5,3045.4	0	7868416
2026-10-08	Linux x86_64	300	25	304	187	418	retry budget	warm		343.0	343.4,343.0,342.9,343.1,341.2	1096	8712192
2026-10-08	Linux x86_64	300	25	304	187	418	retry budget	cold	confirmed	1072.0	1014.6,1064.2,1072.0,1082.9,1077.3	1096	8863744
2026-10-08	Linux x86_64	300	25	304	187	418	zqxv no such text	warm		250.2	252.5,251.3,249.8,250.2,250.1	0	7208960
2026-10-08	Linux x86_64	300	25	304	187	418	zqxv no such text	cold	confirmed	1076.0	978.3,1076.0,1067.1,1079.3,1078.6	0	7368704
2026-10-08	Linux x86_64	1300	25	1308	808	1795	retry budget	warm		1450.1	1486.3,1450.1,1435.1,1442.8,1522.9	4596	9682944
2026-10-08	Linux x86_64	1300	25	1308	808	1795	retry budget	cold	confirmed	5138.3	5140.7,5139.9,5138.3,5129.5,5129.0	4596	9650176
2026-10-08	Linux x86_64	1300	25	1308	808	1795	zqxv no such text	warm		1067.0	1087.5,1103.1,1055.3,1048.7,1067.0	0	8105984
2026-10-08	Linux x86_64	1300	25	1308	808	1795	zqxv no such text	cold	confirmed	5131.1	5115.1,5135.7,5131.1,5136.9,5122.7	0	8011776
2026-10-08	Linux x86_64	4000	25	4011	2476	5542	retry budget	warm		4537.9	4609.4,4578.2,4537.9,4476.2,4518.0	14389	11169792
2026-10-08	Linux x86_64	4000	25	4011	2476	5542	retry budget	cold	confirmed	16218.7	16216.9,16236.0,16227.7,16218.7,16204.0	14389	11304960
2026-10-08	Linux x86_64	4000	25	4011	2476	5542	zqxv no such text	warm		3263.9	3272.9,3263.9,3271.2,3254.4,3255.8	0	9297920
2026-10-08	Linux x86_64	4000	25	4011	2476	5542	zqxv no such text	cold	confirmed	16222.8	16194.2,16222.8,16220.0,16224.4,16223.9	0	9302016
2026-10-08	Linux x86_64	1300	0	1304	0	1753	retry budget	warm		913.6	902.2,900.8,914.1,913.6,972.2	1743	8085504
2026-10-08	Linux x86_64	1300	0	1304	0	1753	retry budget	cold	confirmed	3071.2	3037.6,3094.6,3071.2,3073.7,3070.7	1743	8093696
2026-10-08	Linux x86_64	1300	0	1304	0	1753	zqxv no such text	warm		967.2	972.7,966.7,969.8,967.2,961.5	0	8134656
2026-10-08	Linux x86_64	1300	0	1304	0	1753	zqxv no such text	cold	confirmed	3067.3	3048.2,3085.7,3066.0,3067.3,3089.0	0	8146944
2026-10-08	Linux aarch64	300	25	304	187	418	retry budget	warm		364.5	363.7,364.5,365.6,367.6,363.5	1096	7577600
2026-10-08	Linux aarch64	300	25	304	187	418	retry budget	cold	confirmed	1098.8	1769.9,1088.6,1100.9,1091.1,1098.8	1096	7565312
2026-10-08	Linux aarch64	300	25	304	187	418	zqxv no such text	warm		264.9	265.6,264.9,262.7,265.6,263.4	0	6369280
2026-10-08	Linux aarch64	300	25	304	187	418	zqxv no such text	cold	confirmed	1091.8	980.2,1092.7,1095.0,1091.8,1085.5	0	6180864
2026-10-08	Linux aarch64	1300	25	1308	808	1795	retry budget	warm		1516.4	1503.5,1524.2,1507.9,1517.8,1516.4	4596	8499200
2026-10-08	Linux aarch64	1300	25	1308	808	1795	retry budget	cold	confirmed	5128.1	5717.4,5128.1,5137.7,5124.7,5126.9	4596	8802304
2026-10-08	Linux aarch64	1300	25	1308	808	1795	zqxv no such text	warm		1105.2	1104.9,1113.8,1109.0,1105.2,1102.6	0	6897664
2026-10-08	Linux aarch64	1300	25	1308	808	1795	zqxv no such text	cold	confirmed	5120.5	5639.2,5118.2,5110.0,5120.5,5123.5	0	6836224
2026-10-08	Linux aarch64	4000	25	4011	2476	5542	retry budget	warm		4576.9	4590.0,4581.5,4575.2,4576.9,4574.9	14389	10014720
2026-10-08	Linux aarch64	4000	25	4011	2476	5542	retry budget	cold	confirmed	16220.0	16220.0,16227.1,16211.5,16208.5,16466.1	14389	10178560
2026-10-08	Linux aarch64	4000	25	4011	2476	5542	zqxv no such text	warm		3372.1	3511.3,3389.2,3360.5,3365.9,3372.1	0	8138752
2026-10-08	Linux aarch64	4000	25	4011	2476	5542	zqxv no such text	cold	confirmed	16224.0	16282.9,16225.4,16222.7,16224.0,16208.4	0	8146944
2026-10-08	Linux aarch64	1300	0	1304	0	1753	retry budget	warm		901.7	902.2,901.7,903.2,898.4,901.2	1743	6885376
2026-10-08	Linux aarch64	1300	0	1304	0	1753	retry budget	cold	confirmed	3091.4	3816.7,3097.5,3075.5,3091.4,3086.4	1743	6877184
2026-10-08	Linux aarch64	1300	0	1304	0	1753	zqxv no such text	warm		966.2	965.9,966.2,970.5,966.5,964.8	0	7028736
2026-10-08	Linux aarch64	1300	0	1304	0	1753	zqxv no such text	cold	confirmed	3089.9	3443.3,3095.7,3089.9,3067.8,3083.5	0	6836224
2026-10-08	Darwin arm64	300	25	304	187	418	retry budget	warm		592.4	534.5,628.7,608.3,592.4,534.0	1096	8175616
2026-10-08	Darwin arm64	300	25	304	187	418	zqxv no such text	warm		454.9	454.9,556.4,466.8,395.4,391.6	0	6766592
2026-10-08	Darwin arm64	1300	25	1308	808	1795	retry budget	warm		5894.6	6864.2,5894.6,5462.1,6128.8,5813.1	4596	9240576
2026-10-08	Darwin arm64	1300	25	1308	808	1795	zqxv no such text	warm		5562.2	10483.4,5437.8,5562.2,6292.4,5020.9	0	7700480
2026-10-08	Darwin arm64	4000	25	4011	2476	5542	retry budget	warm		25613.6	24439.6,25613.6,26681.7,26888.8,23996.5	14389	11042816
2026-10-08	Darwin arm64	4000	25	4011	2476	5542	zqxv no such text	warm		23461.1	22957.5,24928.7,23461.1,22162.6,26804.0	0	9175040
2026-10-08	Darwin arm64	1300	0	1304	0	1753	retry budget	warm		1168.9	1168.9,1132.1,1168.5,1311.2,1232.1	1743	8306688
2026-10-08	Darwin arm64	1300	0	1304	0	1753	zqxv no such text	warm		1658.5	1719.8,1836.1,1658.5,1252.4,1122.0	0	7979008
